{
  "images" : [
    {
      "idiom" : "universal",
      "scale" : "1x"
    },
    {
      "idiom" : "universal",
      "scale" : "2x"
    },
    {
      "idiom" : "universal",
      "scale" : "3x"
    },
    {
      "filename" : "PizzaOpacity_w40.png",
      "idiom" : "watch",
      "scale" : "2x",
      "screen-width" : "<=145"
    },
    {
      "filename" : "PizzaOpacity_w44.png",
      "idiom" : "watch",
      "scale" : "2x",
      "screen-width" : ">161"
    },
    {
      "filename" : "PizzaOpacity_w44-1.png",
      "idiom" : "watch",
      "scale" : "2x",
      "screen-width" : ">145"
    },
    {
      "filename" : "PizzaOpacity_w50.png",
      "idiom" : "watch",
      "scale" : "2x",
      "screen-width" : ">183"
    }
  ],
  "info" : {
    "author" : "xcode",
    "version" : 1
  }
}
